Files,V,E,DFS(s)
1,348,2866,0.0011
2,1390,30654,0.0107
3,2167,45414,0.0084
4,2916,76190,0.0160
5,3463,81550,0.0192
6,3670,84875,0.0179
7,3730,85080,0.0178
8,3833,86243,0.0190
9,4003,88069,0.0194
10,4039,88234,0.0190
